{
  "acne-cystic": {
    "precision": 1.0,
    "recall": 1.0,
    "f1-score": 1.0,
    "support": 7.0
  },
  "closed_comedones": {
    "precision": 0.8,
    "recall": 1.0,
    "f1-score": 0.8888888888888888,
    "support": 4.0
  },
  "perioral_dermatitis": {
    "precision": 0.7777777777777778,
    "recall": 1.0,
    "f1-score": 0.875,
    "support": 7.0
  },
  "rosacea": {
    "precision": 1.0,
    "recall": 0.625,
    "f1-score": 0.7692307692307693,
    "support": 8.0
  },
  "accuracy": 0.8846153846153846,
  "macro avg": {
    "precision": 0.8944444444444445,
    "recall": 0.90625,
    "f1-score": 0.8832799145299145,
    "support": 26.0
  },
  "weighted avg": {
    "precision": 0.9094017094017095,
    "recall": 0.8846153846153846,
    "f1-score": 0.8782462195923735,
    "support": 26.0
  }
}