{
  "acne-cystic": {
    "precision": 1.0,
    "recall": 1.0,
    "f1-score": 1.0,
    "support": 7.0
  },
  "closed_comedones": {
    "precision": 0.8,
    "recall": 1.0,
    "f1-score": 0.8888888888888888,
    "support": 4.0
  },
  "perioral_dermatitis": {
    "precision": 1.0,
    "recall": 0.8571428571428571,
    "f1-score": 0.9230769230769231,
    "support": 7.0
  },
  "rosacea": {
    "precision": 0.875,
    "recall": 0.875,
    "f1-score": 0.875,
    "support": 8.0
  },
  "accuracy": 0.9230769230769231,
  "macro avg": {
    "precision": 0.91875,
    "recall": 0.9330357142857143,
    "f1-score": 0.9217414529914529,
    "support": 26.0
  },
  "weighted avg": {
    "precision": 0.9307692307692308,
    "recall": 0.9230769230769231,
    "f1-score": 0.9237343852728468,
    "support": 26.0
  }
}