{
  "acne-cystic": {
    "precision": 1.0,
    "recall": 0.5714285714285714,
    "f1-score": 0.7272727272727273,
    "support": 7.0
  },
  "closed_comedones": {
    "precision": 0.5,
    "recall": 1.0,
    "f1-score": 0.6666666666666666,
    "support": 4.0
  },
  "perioral_dermatitis": {
    "precision": 1.0,
    "recall": 0.5714285714285714,
    "f1-score": 0.7272727272727273,
    "support": 7.0
  },
  "rosacea": {
    "precision": 0.7,
    "recall": 0.875,
    "f1-score": 0.7777777777777778,
    "support": 8.0
  },
  "accuracy": 0.7307692307692307,
  "macro avg": {
    "precision": 0.8,
    "recall": 0.7544642857142857,
    "f1-score": 0.7247474747474747,
    "support": 26.0
  },
  "weighted avg": {
    "precision": 0.8307692307692308,
    "recall": 0.7307692307692307,
    "f1-score": 0.7334887334887334,
    "support": 26.0
  }
}