{
  "acne-cystic": {
    "precision": 1.0,
    "recall": 1.0,
    "f1-score": 1.0,
    "support": 7.0
  },
  "closed_comedones": {
    "precision": 0.8,
    "recall": 1.0,
    "f1-score": 0.8888888888888888,
    "support": 4.0
  },
  "perioral_dermatitis": {
    "precision": 0.75,
    "recall": 0.8571428571428571,
    "f1-score": 0.8,
    "support": 7.0
  },
  "rosacea": {
    "precision": 0.8333333333333334,
    "recall": 0.625,
    "f1-score": 0.7142857142857143,
    "support": 8.0
  },
  "accuracy": 0.8461538461538461,
  "macro avg": {
    "precision": 0.8458333333333333,
    "recall": 0.8705357142857143,
    "f1-score": 0.8507936507936509,
    "support": 26.0
  },
  "weighted avg": {
    "precision": 0.8506410256410256,
    "recall": 0.8461538461538461,
    "f1-score": 0.8411477411477412,
    "support": 26.0
  }
}