{
  "acne-cystic": {
    "precision": 0.6363636363636364,
    "recall": 1.0,
    "f1-score": 0.7777777777777778,
    "support": 7.0
  },
  "closed_comedones": {
    "precision": 1.0,
    "recall": 0.75,
    "f1-score": 0.8571428571428571,
    "support": 4.0
  },
  "perioral_dermatitis": {
    "precision": 0.8333333333333334,
    "recall": 0.7142857142857143,
    "f1-score": 0.7692307692307693,
    "support": 7.0
  },
  "rosacea": {
    "precision": 0.8333333333333334,
    "recall": 0.625,
    "f1-score": 0.7142857142857143,
    "support": 8.0
  },
  "accuracy": 0.7692307692307693,
  "macro avg": {
    "precision": 0.8257575757575758,
    "recall": 0.7723214285714286,
    "f1-score": 0.7796092796092796,
    "support": 26.0
  },
  "weighted avg": {
    "precision": 0.8059440559440559,
    "recall": 0.7692307692307693,
    "f1-score": 0.7681506527660373,
    "support": 26.0
  }
}